0,0,0,0,1,0,0.2,0.2,0,0,Feb,1,1,1,1,Returning_Visitor,FALSE
0,0,0,0,2,64,0,0.1,0,0,Feb,2,2,1,2,Returning_Visitor,FALSE
0,0,0,0,1,0,0.2,0.2,0,0,Feb,4,1,9,3,Returning_Visitor,FALSE
3,87.83333333,0,0,27,798.3333333,0,0.012643678,22.9160357,0.8,Feb,2,2,3,1,Returning_Visitor,FALSE
10,1005.666667,0,0,36,2111.341667,0.004347826,0.014492754,11.43941195,0,Feb,2,6,1,2,Returning_Visitor,FALSE
3,94,2,125,55,1970.844805,0,0.001724138,96.25511582,0,Mar,2,4,1,2,New_Visitor,TRUE
